Date,product_category,region,promotion_flag,Weekly_Sales,Store
2022-01-05,Clothing,West,0,308.69,1
2022-01-05,Clothing,South,0,419.98,1
2022-01-05,Groceries,East,0,352.47,1
2022-01-05,Groceries,West,0,368.34,1
2022-01-05,Electronics,North,0,384.67,1
2022-01-05,Groceries,North,0,370.06,1
2022-01-05,Electronics,West,0,523.53,1
2022-01-05,Electronics,South,0,417.45,1
2022-01-05,Groceries,South,0,363.0,1
2022-01-05,Clothing,North,0,314.88,1
2022-01-05,Electronics,East,0,480.03,1
2022-01-05,Clothing,East,0,586.82,1
2022-01-16,Groceries,East,1,401.86,1
2022-01-16,Electronics,North,0,315.47,1
2022-01-16,Electronics,West,0,458.45,1
2022-01-16,Clothing,South,1,400.4,1
2022-01-16,Groceries,North,0,280.16,1
2022-01-16,Clothing,East,0,489.58,1
2022-01-16,Electronics,East,0,455.6,1
2022-01-16,Clothing,North,0,231.36,1
2022-01-16,Electronics,South,0,318.0,1
2022-01-16,Clothing,West,0,262.52,1
2022-01-16,Groceries,South,0,317.63,1
2022-01-16,Groceries,West,0,315.28,1
2022-01-23,Electronics,East,0,478.96,1
2022-01-23,Clothing,South,0,351.3,1
2022-01-23,Clothing,West,0,325.28,1
2022-01-23,Clothing,East,0,533.28,1
2022-01-23,Groceries,East,0,306.27,1
2022-01-23,Clothing,North,0,275.67,1
2022-01-23,Groceries,North,0,289.26,1
2022-01-23,Electronics,South,0,322.33,1
2022-01-23,Groceries,South,0,270.5,1
2022-01-23,Electronics,North,0,328.13,1
2022-01-23,Groceries,West,0,283.98,1
2022-01-23,Electronics,West,0,462.56,1
2022-01-30,Clothing,North,0,298.25,1
2022-01-30,Clothing,South,0,412.9,1
2022-01-30,Groceries,West,0,319.75,1
2022-01-30,Groceries,North,0,350.59,1
2022-01-30,Electronics,South,0,321.15,1
2022-01-30,Groceries,South,1,384.09,1
2022-01-30,Groceries,East,1,376.23,1
2022-01-30,Electronics,East,1,594.95,1
2022-01-30,Electronics,North,0,339.11,1
2022-01-30,Electronics,West,0,503.97,1
2022-01-30,Clothing,East,0,524.34,1
2022-01-30,Clothing,West,0,260.17,1
2022-02-01,Groceries,West,0,280.76,1
2022-02-01,Groceries,East,0,283.83,1
2022-02-01,Groceries,South,0,249.83,1
2022-02-01,Electronics,South,0,290.24,1
2022-02-01,Electronics,West,0,490.73,1
2022-02-01,Clothing,North,0,235.66,1
2022-02-01,Clothing,East,0,439.68,1
2022-02-01,Electronics,East,0,444.64,1
2022-02-01,Clothing,West,0,284.25,1
2022-02-01,Groceries,North,0,290.4,1
2022-02-01,Electronics,North,0,278.04,1
2022-02-01,Clothing,South,0,345.5,1
2022-02-10,Clothing,North,0,232.74,1
2022-02-10,Groceries,North,0,202.17,1
2022-02-10,Electronics,East,1,505.51,1
2022-02-10,Clothing,West,0,187.68,1
2022-02-10,Electronics,West,0,373.41,1
2022-02-10,Groceries,South,1,189.44,1
2022-02-10,Clothing,East,0,417.34,1
2022-02-10,Electronics,South,0,264.59,1
2022-02-10,Electronics,North,0,179.25,1
2022-02-10,Clothing,South,0,255.31,1
2022-02-10,Groceries,East,0,231.71,1
2022-02-10,Groceries,West,0,218.76,1
2022-02-13,Clothing,North,0,284.8,1
2022-02-13,Groceries,East,0,380.43,1
2022-02-13,Electronics,South,0,388.12,1
2022-02-13,Groceries,South,0,327.01,1
2022-02-13,Electronics,North,0,371.57,1
2022-02-13,Clothing,East,1,632.56,1
2022-02-13,Groceries,West,0,344.42,1
2022-02-13,Clothing,South,1,489.78,1
2022-02-13,Clothing,West,0,299.39,1
2022-02-13,Electronics,East,0,520.73,1
2022-02-13,Electronics,West,0,482.16,1
2022-02-13,Groceries,North,0,317.86,1
2022-02-20,Groceries,South,0,377.92,1
2022-02-20,Clothing,South,0,419.59,1
2022-02-20,Electronics,North,0,388.52,1
2022-02-20,Clothing,West,0,314.66,1
2022-02-20,Electronics,South,0,339.84,1
2022-02-20,Electronics,East,0,484.99,1
2022-02-20,Groceries,North,0,346.54,1
2022-02-20,Groceries,East,0,346.82,1
2022-02-20,Clothing,East,0,541.35,1
2022-02-20,Groceries,West,0,356.09,1
2022-02-20,Clothing,North,0,298.98,1
2022-02-20,Electronics,West,0,517.31,1
2022-02-27,Groceries,North,0,342.26,1
2022-02-27,Clothing,South,0,404.52,1
2022-02-27,Electronics,East,0,534.84,1
2022-02-27,Clothing,East,0,540.44,1
2022-02-27,Electronics,North,1,437.76,1
2022-02-27,Groceries,South,0,344.05,1
2022-02-27,Clothing,North,0,309.91,1
2022-02-27,Electronics,South,0,382.44,1
2022-02-27,Clothing,West,0,346.19,1
2022-02-27,Groceries,East,0,320.54,1
2022-02-27,Electronics,West,0,516.18,1
2022-02-27,Groceries,West,1,436.4,1
2022-03-04,Clothing,West,0,314.34,1
2022-03-04,Clothing,South,0,433.8,1
2022-03-04,Electronics,East,0,515.17,1
2022-03-04,Clothing,North,1,388.24,1
2022-03-04,Groceries,South,1,509.08,1
2022-03-04,Electronics,South,0,378.88,1
2022-03-04,Groceries,West,0,321.26,1
2022-03-04,Electronics,North,1,528.67,1
2022-03-04,Electronics,West,0,525.39,1
2022-03-04,Groceries,North,1,493.05,1
2022-03-04,Groceries,East,1,389.08,1
2022-03-04,Clothing,East,0,605.56,1
2022-03-07,Electronics,West,0,468.38,1
2022-03-07,Electronics,South,0,333.48,1
2022-03-07,Clothing,North,0,259.42,1
2022-03-07,Groceries,North,0,329.67,1
2022-03-07,Clothing,East,0,486.12,1
2022-03-07,Clothing,West,0,262.49,1
2022-03-07,Electronics,East,0,427.03,1
2022-03-07,Groceries,West,0,289.9,1
2022-03-07,Groceries,East,0,321.58,1
2022-03-07,Electronics,North,0,330.51,1
2022-03-07,Groceries,South,1,360.75,1
2022-03-07,Clothing,South,0,379.22,1
2022-03-13,Groceries,North,0,398.1,1
2022-03-13,Groceries,East,0,348.23,1
2022-03-13,Groceries,South,0,397.66,1
2022-03-13,Groceries,West,1,432.16,1
2022-03-13,Clothing,North,0,349.25,1
2022-03-13,Electronics,North,0,391.2,1
2022-03-13,Clothing,East,0,556.71,1
2022-03-13,Clothing,South,0,405.42,1
2022-03-13,Electronics,West,0,494.85,1
2022-03-13,Electronics,South,0,396.94,1
2022-03-13,Clothing,West,0,336.25,1
2022-03-13,Electronics,East,0,483.63,1
2022-03-20,Electronics,East,0,537.26,1
2022-03-20,Groceries,South,0,375.15,1
2022-03-20,Groceries,East,1,420.83,1
2022-03-20,Electronics,South,1,439.47,1
2022-03-20,Electronics,West,0,505.97,1
2022-03-20,Electronics,North,0,379.89,1
2022-03-20,Groceries,North,0,355.75,1
2022-03-20,Groceries,West,0,362.44,1
2022-03-20,Clothing,South,1,533.49,1
2022-03-20,Clothing,East,0,577.4,1
2022-03-20,Clothing,North,0,296.73,1
2022-03-20,Clothing,West,0,337.39,1
2022-03-27,Clothing,East,0,593.24,1
2022-03-27,Clothing,South,0,462.97,1
2022-03-27,Electronics,East,0,535.6,1
2022-03-27,Electronics,North,0,402.14,1
2022-03-27,Groceries,East,0,377.38,1
2022-03-27,Electronics,South,0,396.37,1
2022-03-27,Electronics,West,0,527.22,1
2022-03-27,Clothing,North,1,391.95,1
2022-03-27,Clothing,West,0,349.5,1
2022-03-27,Groceries,North,0,357.76,1
2022-03-27,Groceries,South,0,385.52,1
2022-03-27,Groceries,West,0,386.16,1
2022-04-09,Clothing,East,0,424.86,1
2022-04-09,Groceries,West,0,206.15,1
2022-04-09,Electronics,West,0,407.39,1
2022-04-09,Electronics,North,0,231.55,1
2022-04-09,Groceries,East,0,257.97,1
2022-04-09,Electronics,South,0,286.5,1
2022-04-09,Clothing,West,0,176.81,1
2022-04-09,Electronics,East,0,368.21,1
2022-04-09,Clothing,North,0,208.35,1
2022-04-09,Groceries,North,0,235.22,1
2022-04-09,Clothing,South,0,276.29,1
2022-04-09,Groceries,South,0,156.7,1
2022-04-12,Groceries,East,0,268.93,1
2022-04-12,Electronics,South,1,314.36,1
2022-04-12,Electronics,East,0,410.28,1
2022-04-12,Clothing,North,0,237.75,1
2022-04-12,Groceries,South,0,219.5,1
2022-04-12,Clothing,West,0,216.92,1
2022-04-12,Clothing,East,0,447.77,1
2022-04-12,Groceries,West,0,309.29,1
2022-04-12,Clothing,South,0,339.74,1
2022-04-12,Electronics,North,1,350.68,1
2022-04-12,Electronics,West,0,451.5,1
2022-04-12,Groceries,North,0,277.67,1
2022-04-17,Clothing,North,0,317.73,1
2022-04-17,Groceries,East,0,336.3,1
2022-04-17,Groceries,South,0,370.52,1
2022-04-17,Electronics,North,0,373.03,1
2022-04-17,Groceries,North,0,368.34,1
2022-04-17,Clothing,South,0,424.13,1
2022-04-17,Electronics,West,0,535.68,1
2022-04-17,Electronics,South,0,397.13,1
2022-04-17,Clothing,East,1,654.98,1
2022-04-17,Electronics,East,0,521.74,1
2022-04-17,Clothing,West,1,444.58,1
2022-04-17,Groceries,West,0,362.46,1
2022-04-24,Electronics,North,0,388.95,1
2022-04-24,Electronics,West,0,521.63,1
2022-04-24,Groceries,East,1,454.16,1
2022-04-24,Clothing,North,0,346.46,1
2022-04-24,Clothing,South,1,527.27,1
2022-04-24,Groceries,South,1,457.86,1
2022-04-24,Groceries,West,0,338.23,1
2022-04-24,Clothing,West,0,358.4,1
2022-04-24,Clothing,East,0,533.06,1
2022-04-24,Electronics,East,0,525.94,1
2022-04-24,Electronics,South,0,348.28,1
2022-04-24,Groceries,North,0,382.25,1
2022-05-06,Electronics,West,1,605.17,1
2022-05-06,Groceries,West,1,448.16,1
2022-05-06,Electronics,South,0,344.04,1
2022-05-06,Clothing,North,0,269.46,1
2022-05-06,Electronics,East,0,490.1,1
2022-05-06,Groceries,South,0,311.34,1
2022-05-06,Clothing,East,0,521.77,1
2022-05-06,Electronics,North,1,479.48,1
2022-05-06,Groceries,East,0,312.97,1
2022-05-06,Groceries,North,0,323.17,1
2022-05-06,Clothing,West,0,337.6,1
2022-05-06,Clothing,South,0,362.41,1
2022-05-15,Electronics,East,0,501.51,1
2022-05-15,Groceries,West,1,388.17,1
2022-05-15,Clothing,West,1,384.98,1
2022-05-15,Groceries,East,0,342.54,1
2022-05-15,Electronics,North,0,369.27,1
2022-05-15,Clothing,South,0,399.29,1
2022-05-15,Groceries,North,0,349.27,1
2022-05-15,Clothing,East,0,578.69,1
2022-05-15,Electronics,South,0,354.28,1
2022-05-15,Electronics,West,0,511.05,1
2022-05-15,Clothing,North,0,304.84,1
2022-05-15,Groceries,South,0,340.23,1
2022-05-22,Clothing,North,0,296.41,1
2022-05-22,Electronics,North,1,431.71,1
2022-05-22,Groceries,South,1,413.4,1
2022-05-22,Clothing,West,0,321.54,1
2022-05-22,Clothing,East,0,542.37,1
2022-05-22,Electronics,West,0,506.53,1
2022-05-22,Clothing,South,0,376.55,1
2022-05-22,Electronics,East,1,590.71,1
2022-05-22,Groceries,West,0,330.85,1
2022-05-22,Groceries,North,0,314.59,1
2022-05-22,Groceries,East,0,349.98,1
2022-05-22,Electronics,South,0,413.72,1
2022-05-29,Groceries,East,0,362.3,1
2022-05-29,Electronics,North,0,362.47,1
2022-05-29,Clothing,North,0,338.56,1
2022-05-29,Clothing,South,0,405.66,1
2022-05-29,Electronics,South,0,369.67,1
2022-05-29,Electronics,West,0,474.83,1
2022-05-29,Groceries,North,0,331.08,1
2022-05-29,Electronics,East,0,477.41,1
2022-05-29,Clothing,East,0,506.94,1
2022-05-29,Groceries,West,0,319.59,1
2022-05-29,Clothing,West,0,310.13,1
2022-05-29,Groceries,South,0,338.47,1
2022-06-02,Groceries,West,0,323.78,1
2022-06-02,Electronics,South,0,393.76,1
2022-06-02,Electronics,East,0,490.29,1
2022-06-02,Clothing,West,0,311.02,1
2022-06-02,Clothing,East,0,542.22,1
2022-06-02,Clothing,South,0,390.69,1
2022-06-02,Clothing,North,0,324.91,1
2022-06-02,Electronics,West,1,600.58,1
2022-06-02,Groceries,East,0,321.67,1
2022-06-02,Electronics,North,0,359.97,1
2022-06-02,Groceries,South,0,323.05,1
2022-06-02,Groceries,North,0,357.96,1
2022-06-03,Clothing,East,0,569.27,1
2022-06-03,Clothing,North,1,428.08,1
2022-06-03,Groceries,West,0,389.16,1
2022-06-03,Electronics,East,0,502.81,1
2022-06-03,Groceries,South,0,396.55,1
2022-06-03,Electronics,North,0,412.53,1
2022-06-03,Groceries,North,1,446.73,1
2022-06-03,Clothing,South,0,415.95,1
2022-06-03,Electronics,South,0,328.56,1
2022-06-03,Electronics,West,0,511.98,1
2022-06-03,Clothing,West,0,339.76,1
2022-06-03,Groceries,East,0,334.78,1
2022-06-11,Electronics,East,0,408.17,1
2022-06-11,Clothing,North,0,177.99,1
2022-06-11,Clothing,South,0,257.67,1
2022-06-11,Groceries,South,0,172.35,1
2022-06-11,Groceries,North,0,222.06,1
2022-06-11,Groceries,East,0,231.32,1
2022-06-11,Clothing,West,0,246.01,1
2022-06-11,Groceries,West,0,250.2,1
2022-06-11,Electronics,South,0,274.36,1
2022-06-11,Electronics,North,0,239.06,1
2022-06-11,Clothing,East,0,403.9,1
2022-06-11,Electronics,West,0,419.62,1
2022-06-19,Electronics,South,0,341.94,1
2022-06-19,Groceries,West,1,430.09,1
2022-06-19,Clothing,East,0,437.71,1
2022-06-19,Electronics,East,0,461.05,1
2022-06-19,Electronics,West,0,480.4,1
2022-06-19,Groceries,North,0,290.91,1
2022-06-19,Electronics,North,0,332.7,1
2022-06-19,Clothing,South,0,398.77,1
2022-06-19,Clothing,West,0,286.03,1
2022-06-19,Clothing,North,0,276.0,1
2022-06-19,Groceries,South,1,388.19,1
2022-06-19,Groceries,East,0,316.66,1
2022-06-26,Clothing,West,0,256.86,1
2022-06-26,Electronics,East,0,424.23,1
2022-06-26,Groceries,North,0,314.46,1
2022-06-26,Groceries,South,0,244.59,1
2022-06-26,Groceries,West,1,418.02,1
2022-06-26,Clothing,South,0,343.0,1
2022-06-26,Clothing,North,0,215.58,1
2022-06-26,Electronics,North,1,402.88,1
2022-06-26,Groceries,East,0,281.3,1
2022-06-26,Electronics,West,0,446.7,1
2022-06-26,Clothing,East,0,476.62,1
2022-06-26,Electronics,South,0,326.45,1
2022-07-08,Clothing,East,0,388.63,1
2022-07-08,Electronics,South,0,311.14,1
2022-07-08,Electronics,West,0,418.85,1
2022-07-08,Groceries,South,0,206.85,1
2022-07-08,Electronics,East,0,384.2,1
2022-07-08,Clothing,West,0,202.88,1
2022-07-08,Clothing,South,1,337.15,1
2022-07-08,Groceries,East,0,284.33,1
2022-07-08,Groceries,West,0,282.74,1
2022-07-08,Electronics,North,0,248.77,1
2022-07-08,Groceries,North,0,237.12,1
2022-07-08,Clothing,North,0,253.3,1
2022-07-17,Clothing,West,0,258.23,1
2022-07-17,Electronics,East,0,448.02,1
2022-07-17,Clothing,East,0,454.84,1
2022-07-17,Groceries,South,0,236.33,1
2022-07-17,Electronics,North,1,392.24,1
2022-07-17,Groceries,North,0,286.62,1
2022-07-17,Clothing,North,0,247.71,1
2022-07-17,Groceries,West,0,304.93,1
2022-07-17,Clothing,South,0,324.65,1
2022-07-17,Groceries,East,0,242.88,1
2022-07-17,Electronics,West,0,437.23,1
2022-07-17,Electronics,South,0,335.05,1
2022-07-24,Groceries,South,0,241.68,1
2022-07-24,Clothing,West,0,235.1,1
2022-07-24,Groceries,North,0,207.54,1
2022-07-24,Clothing,East,0,430.24,1
2022-07-24,Groceries,East,0,259.89,1
2022-07-24,Clothing,South,0,298.37,1
2022-07-24,Clothing,North,0,255.18,1
2022-07-24,Electronics,West,0,478.17,1
2022-07-24,Electronics,East,0,413.04,1
2022-07-24,Groceries,West,0,253.47,1
2022-07-24,Electronics,South,1,350.79,1
2022-07-24,Electronics,North,0,305.26,1
2022-07-31,Electronics,South,0,315.18,1
2022-07-31,Clothing,South,0,340.67,1
2022-07-31,Groceries,South,0,199.92,1
2022-07-31,Clothing,West,0,228.17,1
2022-07-31,Electronics,East,0,401.91,1
2022-07-31,Groceries,North,0,271.07,1
2022-07-31,Electronics,North,1,371.93,1
2022-07-31,Clothing,East,0,396.78,1
2022-07-31,Clothing,North,0,229.15,1
2022-07-31,Groceries,West,0,258.06,1
2022-07-31,Electronics,West,0,410.93,1
2022-07-31,Groceries,East,0,265.05,1
2022-08-05,Electronics,West,0,501.98,1
2022-08-05,Clothing,South,1,490.37,1
2022-08-05,Clothing,East,0,540.05,1
2022-08-05,Electronics,South,0,413.99,1
2022-08-05,Electronics,East,0,515.04,1
2022-08-05,Electronics,North,0,402.88,1
2022-08-05,Clothing,North,1,406.82,1
2022-08-05,Clothing,West,0,324.11,1
2022-08-05,Groceries,East,0,350.45,1
2022-08-05,Groceries,North,0,385.41,1
2022-08-05,Groceries,West,0,345.87,1
2022-08-05,Groceries,South,0,370.08,1
2022-08-14,Electronics,West,1,519.49,1
2022-08-14,Electronics,North,0,280.42,1
2022-08-14,Groceries,West,0,232.6,1
2022-08-14,Clothing,East,0,405.05,1
2022-08-14,Groceries,East,0,273.99,1
2022-08-14,Groceries,South,0,193.01,1
2022-08-14,Clothing,North,0,226.03,1
2022-08-14,Electronics,East,0,425.98,1
2022-08-14,Electronics,South,1,381.34,1
2022-08-14,Clothing,South,0,288.64,1
2022-08-14,Groceries,North,0,251.33,1
2022-08-14,Clothing,West,0,181.0,1
2022-08-21,Clothing,East,0,369.08,1
2022-08-21,Groceries,North,0,227.4,1
2022-08-21,Groceries,South,1,337.25,1
2022-08-21,Clothing,North,0,228.54,1
2022-08-21,Electronics,South,0,259.78,1
2022-08-21,Electronics,West,0,415.78,1
2022-08-21,Electronics,East,0,375.43,1
2022-08-21,Clothing,West,1,268.61,1
2022-08-21,Electronics,North,0,233.49,1
2022-08-21,Clothing,South,0,272.68,1
2022-08-21,Groceries,East,0,219.84,1
2022-08-21,Groceries,West,0,258.39,1
2022-08-28,Electronics,West,1,482.64,1
2022-08-28,Electronics,North,0,235.23,1
2022-08-28,Groceries,North,0,213.25,1
2022-08-28,Electronics,East,0,427.36,1
2022-08-28,Electronics,South,0,258.75,1
2022-08-28,Clothing,East,0,401.54,1
2022-08-28,Clothing,South,0,300.35,1
2022-08-28,Clothing,North,0,212.67,1
2022-08-28,Clothing,West,0,222.13,1
2022-08-28,Groceries,South,0,193.32,1
2022-08-28,Groceries,East,0,245.45,1
2022-08-28,Groceries,West,0,218.91,1
2022-09-01,Electronics,East,0,422.48,1
2022-09-01,Clothing,South,0,371.52,1
2022-09-01,Groceries,South,0,243.59,1
2022-09-01,Electronics,West,0,484.33,1
2022-09-01,Clothing,East,0,434.02,1
2022-09-01,Groceries,East,1,422.97,1
2022-09-01,Clothing,West,0,277.89,1
2022-09-01,Clothing,North,0,238.95,1
2022-09-01,Electronics,South,0,324.93,1
2022-09-01,Groceries,North,0,292.6,1
2022-09-01,Groceries,West,0,294.0,1
2022-09-01,Electronics,North,0,357.25,1
2022-09-10,Clothing,West,0,187.4,1
2022-09-10,Electronics,South,0,253.0,1
2022-09-10,Groceries,West,0,251.46,1
2022-09-10,Electronics,West,0,376.34,1
2022-09-10,Groceries,South,0,156.05,1
2022-09-10,Electronics,North,0,220.66,1
2022-09-10,Clothing,South,0,243.56,1
2022-09-10,Groceries,North,0,201.04,1
2022-09-10,Clothing,East,0,381.88,1
2022-09-10,Electronics,East,0,354.48,1
2022-09-10,Clothing,North,1,343.53,1
2022-09-10,Groceries,East,0,239.5,1
2022-09-18,Clothing,South,0,272.78,1
2022-09-18,Groceries,West,1,295.65,1
2022-09-18,Clothing,North,0,169.16,1
2022-09-18,Electronics,East,0,413.82,1
2022-09-18,Groceries,East,0,216.48,1
2022-09-18,Electronics,North,0,210.12,1
2022-09-18,Groceries,North,0,210.65,1
2022-09-18,Electronics,South,0,225.5,1
2022-09-18,Clothing,West,0,175.06,1
2022-09-18,Groceries,South,0,183.1,1
2022-09-18,Electronics,West,0,392.48,1
2022-09-18,Clothing,East,1,455.14,1
2022-09-25,Clothing,East,0,376.84,1
2022-09-25,Groceries,South,0,149.23,1
2022-09-25,Groceries,West,0,217.2,1
2022-09-25,Clothing,North,0,206.62,1
2022-09-25,Clothing,South,0,271.62,1
2022-09-25,Groceries,East,0,208.69,1
2022-09-25,Electronics,South,0,257.0,1
2022-09-25,Groceries,North,0,209.47,1
2022-09-25,Clothing,West,0,165.06,1
2022-09-25,Electronics,West,0,373.56,1
2022-09-25,Electronics,North,0,252.28,1
2022-09-25,Electronics,East,1,462.62,1
2022-10-04,Electronics,West,0,513.45,1
2022-10-04,Groceries,North,0,388.02,1
2022-10-04,Electronics,North,0,386.71,1
2022-10-04,Clothing,North,0,322.17,1
2022-10-04,Groceries,South,0,368.4,1
2022-10-04,Electronics,South,0,399.59,1
2022-10-04,Clothing,East,1,624.2,1
2022-10-04,Groceries,West,0,374.86,1
2022-10-04,Clothing,South,0,423.17,1
2022-10-04,Groceries,East,0,334.85,1
2022-10-04,Clothing,West,0,370.48,1
2022-10-04,Electronics,East,0,578.84,1
2022-10-07,Electronics,West,0,469.18,1
2022-10-07,Clothing,North,0,266.34,1
2022-10-07,Groceries,West,1,350.95,1
2022-10-07,Groceries,North,0,261.74,1
2022-10-07,Groceries,South,0,244.76,1
2022-10-07,Electronics,South,1,354.9,1
2022-10-07,Electronics,East,0,405.88,1
2022-10-07,Clothing,East,0,471.57,1
2022-10-07,Clothing,South,1,421.63,1
2022-10-07,Clothing,West,0,254.4,1
2022-10-07,Groceries,East,0,279.35,1
2022-10-07,Electronics,North,1,451.16,1
2022-10-16,Groceries,East,0,250.55,1
2022-10-16,Clothing,West,0,202.2,1
2022-10-16,Electronics,North,0,218.24,1
2022-10-16,Electronics,East,0,406.8,1
2022-10-16,Clothing,East,0,419.22,1
2022-10-16,Electronics,West,0,414.34,1
2022-10-16,Clothing,South,0,236.15,1
2022-10-16,Clothing,North,0,176.17,1
2022-10-16,Groceries,North,0,230.31,1
2022-10-16,Groceries,South,0,87.03,1
2022-10-16,Electronics,South,0,282.12,1
2022-10-16,Groceries,West,0,234.47,1
2022-10-23,Clothing,North,0,207.15,1
2022-10-23,Groceries,South,0,164.36,1
2022-10-23,Clothing,West,0,168.12,1
2022-10-23,Electronics,South,0,270.82,1
2022-10-23,Groceries,West,0,241.19,1
2022-10-23,Clothing,East,0,363.48,1
2022-10-23,Clothing,South,0,268.11,1
2022-10-23,Electronics,East,0,403.43,1
2022-10-23,Groceries,East,0,218.44,1
2022-10-23,Electronics,West,0,399.81,1
2022-10-23,Electronics,North,0,245.79,1
2022-10-23,Groceries,North,0,227.79,1
2022-10-30,Clothing,North,0,211.97,1
2022-10-30,Electronics,North,0,235.41,1
2022-10-30,Clothing,East,0,371.18,1
2022-10-30,Electronics,East,0,379.06,1
2022-10-30,Groceries,South,0,164.19,1
2022-10-30,Groceries,North,0,195.76,1
2022-10-30,Groceries,East,0,213.19,1
2022-10-30,Electronics,West,0,411.64,1
2022-10-30,Groceries,West,0,215.61,1
2022-10-30,Clothing,South,0,333.86,1
2022-10-30,Electronics,South,1,307.72,1
2022-10-30,Clothing,West,0,192.53,1
2022-11-09,Groceries,North,0,224.41,1
2022-11-09,Clothing,West,0,181.49,1
2022-11-09,Clothing,East,0,345.43,1
2022-11-09,Groceries,South,1,210.77,1
2022-11-09,Electronics,West,0,390.32,1
2022-11-09,Groceries,West,0,235.55,1
2022-11-09,Electronics,South,0,243.14,1
2022-11-09,Electronics,East,1,411.93,1
2022-11-09,Clothing,North,1,256.27,1
2022-11-09,Groceries,East,0,240.04,1
2022-11-09,Electronics,North,0,227.07,1
2022-11-09,Clothing,South,0,294.54,1
2022-11-12,Clothing,East,0,463.28,1
2022-11-12,Clothing,South,0,317.29,1
2022-11-12,Groceries,North,0,266.42,1
2022-11-12,Clothing,West,0,212.58,1
2022-11-12,Groceries,East,1,332.61,1
2022-11-12,Electronics,East,0,412.44,1
2022-11-12,Groceries,South,0,190.19,1
2022-11-12,Electronics,West,0,422.63,1
2022-11-12,Groceries,West,0,302.66,1
2022-11-12,Electronics,North,0,282.73,1
2022-11-12,Clothing,North,1,351.78,1
2022-11-12,Electronics,South,0,294.53,1
2022-11-13,Clothing,North,0,207.67,1
2022-11-13,Clothing,South,0,246.54,1
2022-11-13,Electronics,East,0,406.99,1
2022-11-13,Clothing,East,0,371.28,1
2022-11-13,Groceries,West,0,209.9,1
2022-11-13,Clothing,West,0,173.82,1
2022-11-13,Electronics,South,0,330.96,1
2022-11-13,Electronics,North,0,257.06,1
2022-11-13,Groceries,North,0,190.23,1
2022-11-13,Electronics,West,1,483.26,1
2022-11-13,Groceries,East,0,243.11,1
2022-11-13,Groceries,South,0,196.37,1
2022-11-20,Clothing,South,0,314.69,1
2022-11-20,Groceries,West,0,230.18,1
2022-11-20,Groceries,South,0,161.33,1
2022-11-20,Groceries,North,0,219.12,1
2022-11-20,Electronics,East,0,417.79,1
2022-11-20,Clothing,West,0,226.18,1
2022-11-20,Electronics,South,0,289.28,1
2022-11-20,Groceries,East,0,213.0,1
2022-11-20,Electronics,West,0,459.83,1
2022-11-20,Clothing,North,0,228.54,1
2022-11-20,Clothing,East,0,395.42,1
2022-11-20,Electronics,North,0,287.95,1
2022-11-27,Electronics,East,0,438.84,1
2022-11-27,Groceries,East,0,248.18,1
2022-11-27,Groceries,South,0,188.99,1
2022-11-27,Electronics,South,0,262.12,1
2022-11-27,Clothing,South,1,404.17,1
2022-11-27,Clothing,West,0,228.87,1
2022-11-27,Clothing,East,0,407.96,1
2022-11-27,Groceries,West,0,254.06,1
2022-11-27,Electronics,North,0,266.25,1
2022-11-27,Electronics,West,0,430.82,1
2022-11-27,Clothing,North,0,258.94,1
2022-11-27,Groceries,North,0,229.95,1
2022-12-06,Clothing,East,1,569.36,1
2022-12-06,Groceries,South,0,271.9,1
2022-12-06,Clothing,South,0,381.84,1
2022-12-06,Electronics,South,0,346.26,1
2022-12-06,Electronics,East,0,442.69,1
2022-12-06,Electronics,North,0,348.6,1
2022-12-06,Clothing,North,0,288.42,1
2022-12-06,Groceries,North,0,315.06,1
2022-12-06,Clothing,West,0,281.86,1
2022-12-06,Groceries,West,0,320.0,1
2022-12-06,Groceries,East,0,325.17,1
2022-12-06,Electronics,West,0,498.83,1
2022-12-18,Electronics,West,0,474.62,1
2022-12-18,Clothing,East,0,443.59,1
2022-12-18,Groceries,West,0,256.16,1
2022-12-18,Electronics,East,0,399.75,1
2022-12-18,Electronics,North,1,393.76,1
2022-12-18,Clothing,South,0,372.07,1
2022-12-18,Groceries,North,0,283.41,1
2022-12-18,Electronics,South,0,322.68,1
2022-12-18,Clothing,West,0,249.17,1
2022-12-18,Clothing,North,0,267.28,1
2022-12-18,Groceries,East,0,291.65,1
2022-12-18,Groceries,South,0,232.56,1
2022-12-25,Electronics,South,0,343.3,1
2022-12-25,Groceries,East,0,277.5,1
2022-12-25,Electronics,West,0,462.19,1
2022-12-25,Clothing,East,0,467.36,1
2022-12-25,Groceries,West,0,270.83,1
2022-12-25,Electronics,East,0,445.82,1
2022-12-25,Clothing,West,0,256.13,1
2022-12-25,Clothing,South,1,404.44,1
2022-12-25,Groceries,South,0,256.29,1
2022-12-25,Clothing,North,0,246.67,1
2022-12-25,Electronics,North,1,397.85,1
2022-12-25,Groceries,North,0,259.46,1
2023-01-01,Electronics,South,0,296.65,1
2023-01-01,Clothing,West,0,308.05,1
2023-01-01,Electronics,West,0,484.58,1
2023-01-01,Groceries,East,0,312.87,1
2023-01-01,Electronics,North,0,368.41,1
2023-01-01,Electronics,East,0,452.88,1
2023-01-01,Clothing,East,0,454.7,1
2023-01-01,Clothing,South,0,369.59,1
2023-01-01,Groceries,North,0,269.58,1
2023-01-01,Clothing,North,0,298.27,1
2023-01-01,Groceries,South,0,270.71,1
2023-01-01,Groceries,West,0,325.8,1
2023-01-10,Groceries,South,0,160.84,1
2023-01-10,Groceries,North,1,348.5,1
2023-01-10,Electronics,North,1,326.67,1
2023-01-10,Electronics,South,0,298.13,1
2023-01-10,Clothing,North,1,308.92,1
2023-01-10,Clothing,West,0,198.25,1
2023-01-10,Groceries,West,0,231.51,1
2023-01-10,Groceries,East,0,242.71,1
2023-01-10,Clothing,South,0,307.98,1
2023-01-10,Electronics,East,0,419.86,1
2023-01-10,Clothing,East,0,379.0,1
2023-01-10,Electronics,West,0,409.48,1
2023-01-15,Electronics,North,0,352.76,1
2023-01-15,Groceries,South,0,327.59,1
2023-01-15,Groceries,East,1,403.54,1
2023-01-15,Clothing,East,0,526.09,1
2023-01-15,Electronics,East,0,454.64,1
2023-01-15,Groceries,West,0,295.7,1
2023-01-15,Groceries,North,0,309.52,1
2023-01-15,Clothing,South,0,401.24,1
2023-01-15,Clothing,North,0,279.15,1
2023-01-15,Electronics,West,0,533.65,1
2023-01-15,Electronics,South,0,353.11,1
2023-01-15,Clothing,West,0,315.82,1
2023-01-22,Groceries,West,0,319.38,1
2023-01-22,Clothing,North,0,319.41,1
2023-01-22,Groceries,East,0,334.0,1
2023-01-22,Clothing,South,1,445.73,1
2023-01-22,Electronics,South,0,357.31,1
2023-01-22,Groceries,South,0,321.63,1
2023-01-22,Groceries,North,0,317.57,1
2023-01-22,Electronics,West,0,519.3,1
2023-01-22,Clothing,East,0,546.41,1
2023-01-22,Clothing,West,0,291.67,1
2023-01-22,Electronics,North,0,392.87,1
2023-01-22,Electronics,East,0,458.09,1
2023-01-29,Clothing,South,1,508.2,1
2023-01-29,Clothing,North,0,343.12,1
2023-01-29,Clothing,West,0,280.91,1
2023-01-29,Groceries,West,0,319.06,1
2023-01-29,Groceries,North,0,325.32,1
2023-01-29,Groceries,East,0,303.65,1
2023-01-29,Electronics,North,0,389.86,1
2023-01-29,Electronics,West,0,529.4,1
2023-01-29,Clothing,East,0,540.99,1
2023-01-29,Groceries,South,0,291.87,1
2023-01-29,Electronics,South,0,356.37,1
2023-01-29,Electronics,East,0,473.13,1
2023-02-04,Groceries,South,0,409.12,1
2023-02-04,Electronics,West,0,551.75,1
2023-02-04,Clothing,North,0,326.72,1
2023-02-04,Clothing,East,1,670.32,1
2023-02-04,Electronics,North,0,403.72,1
2023-02-04,Groceries,East,0,358.55,1
2023-02-04,Electronics,South,0,417.19,1
2023-02-04,Clothing,South,0,477.21,1
2023-02-04,Clothing,West,0,325.41,1
2023-02-04,Electronics,East,1,609.86,1
2023-02-04,Groceries,West,1,503.63,1
2023-02-04,Groceries,North,0,404.48,1
2023-02-07,Clothing,North,0,265.31,1
2023-02-07,Groceries,South,0,260.22,1
2023-02-07,Clothing,South,0,367.18,1
2023-02-07,Clothing,West,0,290.36,1
2023-02-07,Electronics,East,0,434.24,1
2023-02-07,Electronics,West,0,477.03,1
2023-02-07,Clothing,East,0,493.04,1
2023-02-07,Electronics,North,0,341.23,1
2023-02-07,Electronics,South,0,377.76,1
2023-02-07,Groceries,East,1,386.09,1
2023-02-07,Groceries,North,0,311.34,1
2023-02-07,Groceries,West,0,304.26,1
2023-02-19,Electronics,South,0,365.6,1
2023-02-19,Electronics,West,1,603.47,1
2023-02-19,Clothing,West,1,373.06,1
2023-02-19,Clothing,South,1,553.2,1
2023-02-19,Clothing,North,0,294.3,1
2023-02-19,Groceries,South,0,332.83,1
2023-02-19,Groceries,North,0,361.21,1
2023-02-19,Clothing,East,1,589.9,1
2023-02-19,Groceries,West,0,356.44,1
2023-02-19,Groceries,East,1,473.27,1
2023-02-19,Electronics,East,0,503.75,1
2023-02-19,Electronics,North,0,371.48,1
2023-02-26,Electronics,East,0,522.89,1
2023-02-26,Clothing,North,0,323.4,1
2023-02-26,Electronics,North,0,416.52,1
2023-02-26,Groceries,South,1,471.44,1
2023-02-26,Groceries,North,0,371.54,1
2023-02-26,Electronics,South,0,381.15,1
2023-02-26,Groceries,West,1,431.75,1
2023-02-26,Groceries,East,0,370.8,1
2023-02-26,Clothing,West,0,317.94,1
2023-02-26,Electronics,West,0,512.32,1
2023-02-26,Clothing,South,0,456.15,1
2023-02-26,Clothing,East,0,539.19,1
2023-03-09,Clothing,East,0,401.67,1
2023-03-09,Groceries,South,0,147.13,1
2023-03-09,Clothing,South,0,328.2,1
2023-03-09,Electronics,North,1,336.76,1
2023-03-09,Groceries,North,0,217.99,1
2023-03-09,Groceries,East,1,298.92,1
2023-03-09,Electronics,South,0,264.95,1
2023-03-09,Clothing,West,1,261.74,1
2023-03-09,Clothing,North,0,268.47,1
2023-03-09,Electronics,East,0,403.61,1
2023-03-09,Electronics,West,0,411.91,1
2023-03-09,Groceries,West,0,310.31,1
2023-03-12,Clothing,West,0,233.94,1
2023-03-12,Clothing,South,1,401.67,1
2023-03-12,Groceries,North,0,224.67,1
2023-03-12,Clothing,East,0,478.8,1
2023-03-12,Groceries,East,0,230.35,1
2023-03-12,Groceries,South,0,259.7,1
2023-03-12,Clothing,North,0,220.26,1
2023-03-12,Groceries,West,1,338.36,1
2023-03-12,Electronics,West,0,477.43,1
2023-03-12,Electronics,South,0,289.58,1
2023-03-12,Electronics,East,0,399.74,1
2023-03-12,Electronics,North,0,290.14,1
2023-03-19,Groceries,South,1,422.52,1
2023-03-19,Electronics,East,0,548.92,1
2023-03-19,Electronics,West,0,575.52,1
2023-03-19,Clothing,East,0,571.26,1
2023-03-19,Electronics,North,0,407.49,1
2023-03-19,Clothing,South,0,434.64,1
2023-03-19,Clothing,North,0,355.82,1
2023-03-19,Groceries,East,0,384.16,1
2023-03-19,Clothing,West,0,357.4,1
2023-03-19,Electronics,South,0,410.07,1
2023-03-19,Groceries,North,0,370.36,1
2023-03-19,Groceries,West,0,384.89,1
2023-03-26,Electronics,East,0,529.12,1
2023-03-26,Groceries,South,0,388.39,1
2023-03-26,Groceries,North,0,404.5,1
2023-03-26,Electronics,South,1,470.27,1
2023-03-26,Clothing,West,0,372.7,1
2023-03-26,Electronics,West,0,549.85,1
2023-03-26,Clothing,East,0,588.46,1
2023-03-26,Clothing,South,1,511.74,1
2023-03-26,Groceries,East,1,476.68,1
2023-03-26,Clothing,North,0,340.65,1
2023-03-26,Groceries,West,1,456.27,1
2023-03-26,Electronics,North,1,549.02,1
2023-04-06,Groceries,South,0,307.69,1
2023-04-06,Clothing,North,1,381.92,1
2023-04-06,Clothing,South,0,421.2,1
2023-04-06,Electronics,West,0,512.46,1
2023-04-06,Groceries,East,1,369.83,1
2023-04-06,Electronics,East,1,504.3,1
2023-04-06,Groceries,West,0,322.9,1
2023-04-06,Clothing,West,0,347.45,1
2023-04-06,Clothing,East,0,539.81,1
2023-04-06,Electronics,South,1,481.61,1
2023-04-06,Electronics,North,0,365.33,1
2023-04-06,Groceries,North,0,384.88,1
2023-04-16,Electronics,West,0,540.71,1
2023-04-16,Clothing,East,1,644.28,1
2023-04-16,Clothing,South,1,563.58,1
2023-04-16,Electronics,North,0,448.97,1
2023-04-16,Clothing,West,0,377.73,1
2023-04-16,Groceries,West,0,367.9,1
2023-04-16,Clothing,North,0,371.95,1
2023-04-16,Electronics,East,0,503.65,1
2023-04-16,Groceries,South,0,393.75,1
2023-04-16,Groceries,North,0,402.41,1
2023-04-16,Groceries,East,0,365.16,1
2023-04-16,Electronics,South,0,382.64,1
2023-04-23,Groceries,South,1,450.25,1
2023-04-23,Groceries,North,0,392.82,1
2023-04-23,Electronics,East,0,504.09,1
2023-04-23,Clothing,South,0,429.37,1
2023-04-23,Electronics,North,1,518.37,1
2023-04-23,Electronics,South,0,450.5,1
2023-04-23,Electronics,West,0,579.14,1
2023-04-23,Groceries,West,0,350.88,1
2023-04-23,Clothing,East,0,601.14,1
2023-04-23,Groceries,East,0,375.88,1
2023-04-23,Clothing,North,0,316.3,1
2023-04-23,Clothing,West,0,376.66,1
2023-04-30,Clothing,North,0,368.68,1
2023-04-30,Groceries,South,0,380.3,1
2023-04-30,Groceries,East,0,385.96,1
2023-04-30,Electronics,North,0,423.32,1
2023-04-30,Clothing,South,0,446.49,1
2023-04-30,Electronics,West,0,525.64,1
2023-04-30,Clothing,East,0,598.09,1
2023-04-30,Electronics,South,0,365.69,1
2023-04-30,Groceries,West,1,470.11,1
2023-04-30,Electronics,East,0,506.64,1
2023-04-30,Clothing,West,0,327.55,1
2023-04-30,Groceries,North,0,378.32,1
2023-05-02,Electronics,South,0,398.68,1
2023-05-02,Clothing,South,0,395.86,1
2023-05-02,Clothing,North,0,319.08,1
2023-05-02,Groceries,South,0,352.8,1
2023-05-02,Electronics,East,0,516.52,1
2023-05-02,Groceries,North,1,427.77,1
2023-05-02,Electronics,North,0,380.37,1
2023-05-02,Clothing,West,0,322.75,1
2023-05-02,Groceries,East,0,315.28,1
2023-05-02,Electronics,West,0,490.28,1
2023-05-02,Clothing,East,0,559.5,1
2023-05-02,Groceries,West,0,366.97,1
2023-05-03,Clothing,West,0,338.26,1
2023-05-03,Groceries,North,0,386.21,1
2023-05-03,Electronics,West,1,628.84,1
2023-05-03,Groceries,South,0,398.76,1
2023-05-03,Electronics,North,1,513.29,1
2023-05-03,Groceries,East,1,435.28,1
2023-05-03,Groceries,West,0,385.41,1
2023-05-03,Clothing,East,0,574.87,1
2023-05-03,Electronics,East,0,550.04,1
2023-05-03,Clothing,North,0,334.71,1
2023-05-03,Clothing,South,0,442.37,1
2023-05-03,Electronics,South,0,404.2,1
2023-05-11,Groceries,East,0,258.47,1
2023-05-11,Electronics,South,0,316.68,1
2023-05-11,Clothing,East,1,504.93,1
2023-05-11,Electronics,North,0,239.48,1
2023-05-11,Groceries,North,0,242.73,1
2023-05-11,Electronics,West,0,434.46,1
2023-05-11,Electronics,East,0,411.29,1
2023-05-11,Clothing,North,0,226.06,1
2023-05-11,Groceries,West,0,253.15,1
2023-05-11,Clothing,South,0,272.92,1
2023-05-11,Groceries,South,0,197.74,1
2023-05-11,Clothing,West,0,205.63,1
2023-05-14,Groceries,East,1,420.98,1
2023-05-14,Electronics,North,0,403.49,1
2023-05-14,Electronics,West,0,543.51,1
2023-05-14,Groceries,North,1,460.96,1
2023-05-14,Clothing,North,0,357.44,1
2023-05-14,Groceries,South,0,396.73,1
2023-05-14,Clothing,West,0,332.83,1
2023-05-14,Groceries,West,0,340.19,1
2023-05-14,Clothing,South,0,419.11,1
2023-05-14,Electronics,East,0,536.36,1
2023-05-14,Electronics,South,0,393.81,1
2023-05-14,Clothing,East,0,590.63,1
2023-05-21,Clothing,East,0,555.94,1
2023-05-21,Clothing,West,0,381.3,1
2023-05-21,Electronics,West,1,599.22,1
2023-05-21,Groceries,West,0,410.27,1
2023-05-21,Groceries,East,0,376.3,1
2023-05-21,Electronics,North,1,450.55,1
2023-05-21,Electronics,East,1,635.53,1
2023-05-21,Electronics,South,0,381.0,1
2023-05-21,Clothing,North,0,315.82,1
2023-05-21,Groceries,North,0,363.19,1
2023-05-21,Groceries,South,0,369.36,1
2023-05-21,Clothing,South,1,496.61,1
2023-05-28,Electronics,East,1,610.41,1
2023-05-28,Groceries,South,0,370.16,1
2023-05-28,Groceries,East,0,328.98,1
2023-05-28,Groceries,West,1,466.47,1
2023-05-28,Clothing,West,0,335.21,1
2023-05-28,Electronics,North,0,376.67,1
2023-05-28,Clothing,South,0,390.97,1
2023-05-28,Clothing,North,0,309.24,1
2023-05-28,Electronics,South,0,374.7,1
2023-05-28,Clothing,East,0,561.15,1
2023-05-28,Electronics,West,0,553.34,1
2023-05-28,Groceries,North,0,382.45,1
2023-06-08,Clothing,South,0,337.42,1
2023-06-08,Groceries,East,0,275.36,1
2023-06-08,Electronics,West,0,432.61,1
2023-06-08,Electronics,North,0,259.08,1
2023-06-08,Clothing,West,0,186.54,1
2023-06-08,Clothing,North,0,252.1,1
2023-06-08,Electronics,East,1,477.84,1
2023-06-08,Groceries,West,0,273.53,1
2023-06-08,Clothing,East,0,457.28,1
2023-06-08,Electronics,South,1,419.83,1
2023-06-08,Groceries,North,0,240.26,1
2023-06-08,Groceries,South,0,210.6,1
2023-06-18,Electronics,East,0,485.81,1
2023-06-18,Clothing,North,0,295.62,1
2023-06-18,Electronics,South,0,331.19,1
2023-06-18,Electronics,West,1,610.29,1
2023-06-18,Groceries,North,0,319.16,1
2023-06-18,Clothing,East,1,591.08,1
2023-06-18,Groceries,South,0,365.74,1
2023-06-18,Groceries,East,0,316.0,1
2023-06-18,Clothing,South,0,382.57,1
2023-06-18,Groceries,West,0,323.39,1
2023-06-18,Clothing,West,0,312.56,1
2023-06-18,Electronics,North,0,362.94,1
2023-06-25,Clothing,West,0,283.72,1
2023-06-25,Clothing,East,0,479.11,1
2023-06-25,Electronics,North,0,348.36,1
2023-06-25,Electronics,East,0,453.24,1
2023-06-25,Electronics,South,0,381.81,1
2023-06-25,Groceries,West,0,331.86,1
2023-06-25,Clothing,South,1,397.64,1
2023-06-25,Groceries,South,0,299.44,1
2023-06-25,Groceries,North,0,300.76,1
2023-06-25,Clothing,North,0,304.47,1
2023-06-25,Groceries,East,0,291.67,1
2023-06-25,Electronics,West,0,481.54,1
2023-07-05,Clothing,East,1,668.23,1
2023-07-05,Electronics,West,0,535.69,1
2023-07-05,Clothing,North,1,405.05,1
2023-07-05,Groceries,North,0,408.39,1
2023-07-05,Groceries,South,0,398.13,1
2023-07-05,Groceries,West,0,390.0,1
2023-07-05,Electronics,North,1,449.09,1
2023-07-05,Clothing,West,0,344.09,1
2023-07-05,Clothing,South,0,449.53,1
2023-07-05,Groceries,East,0,363.04,1
2023-07-05,Electronics,South,0,412.85,1
2023-07-05,Electronics,East,1,642.37,1
2023-07-16,Groceries,West,0,310.36,1
2023-07-16,Electronics,West,0,497.17,1
2023-07-16,Groceries,East,0,319.98,1
2023-07-16,Electronics,South,0,314.61,1
2023-07-16,Groceries,North,0,297.63,1
2023-07-16,Clothing,West,0,316.33,1
2023-07-16,Clothing,South,0,363.9,1
2023-07-16,Groceries,South,0,269.83,1
2023-07-16,Electronics,East,0,458.44,1
2023-07-16,Clothing,North,0,272.95,1
2023-07-16,Electronics,North,0,313.41,1
2023-07-16,Clothing,East,0,490.17,1
2023-07-23,Electronics,North,0,348.57,1
2023-07-23,Electronics,South,0,273.12,1
2023-07-23,Groceries,East,0,291.17,1
2023-07-23,Groceries,North,0,257.09,1
2023-07-23,Electronics,West,0,451.62,1
2023-07-23,Groceries,South,0,204.93,1
2023-07-23,Clothing,East,0,437.44,1
2023-07-23,Clothing,South,0,335.43,1
2023-07-23,Electronics,East,0,408.28,1
2023-07-23,Clothing,West,0,253.85,1
2023-07-23,Clothing,North,0,245.34,1
2023-07-23,Groceries,West,0,291.11,1
2023-07-30,Clothing,East,0,457.2,1
2023-07-30,Clothing,North,0,237.78,1
2023-07-30,Clothing,South,1,376.01,1
2023-07-30,Groceries,North,0,272.83,1
2023-07-30,Electronics,South,0,288.64,1
2023-07-30,Groceries,East,0,298.01,1
2023-07-30,Groceries,West,0,269.48,1
2023-07-30,Electronics,West,0,432.75,1
2023-07-30,Groceries,South,0,201.72,1
2023-07-30,Clothing,West,0,189.15,1
2023-07-30,Electronics,North,0,265.99,1
2023-07-30,Electronics,East,0,451.83,1
2023-08-01,Electronics,South,1,453.2,1
2023-08-01,Clothing,South,0,381.07,1
2023-08-01,Groceries,West,0,316.74,1
2023-08-01,Electronics,West,0,479.08,1
2023-08-01,Groceries,South,0,286.03,1
2023-08-01,Clothing,East,0,495.94,1
2023-08-01,Groceries,East,1,380.36,1
2023-08-01,Clothing,North,0,272.04,1
2023-08-01,Electronics,North,0,348.07,1
2023-08-01,Clothing,West,0,279.4,1
2023-08-01,Groceries,North,0,297.79,1
2023-08-01,Electronics,East,0,479.62,1
2023-08-10,Groceries,South,0,147.59,1
2023-08-10,Groceries,North,0,265.12,1
2023-08-10,Electronics,South,0,297.35,1
2023-08-10,Clothing,North,1,328.29,1
2023-08-10,Groceries,East,0,274.27,1
2023-08-10,Electronics,North,0,217.61,1
2023-08-10,Clothing,West,1,247.23,1
2023-08-10,Clothing,South,0,329.04,1
2023-08-10,Groceries,West,0,209.5,1
2023-08-10,Electronics,East,0,424.6,1
2023-08-10,Electronics,West,0,421.33,1
2023-08-10,Clothing,East,0,397.24,1
2023-08-13,Groceries,South,0,218.15,1
2023-08-13,Electronics,East,0,427.14,1
2023-08-13,Groceries,North,0,256.76,1
2023-08-13,Electronics,North,0,264.48,1
2023-08-13,Electronics,South,0,307.37,1
2023-08-13,Clothing,East,0,426.3,1
2023-08-13,Electronics,West,0,442.49,1
2023-08-13,Groceries,East,1,325.16,1
2023-08-13,Groceries,West,0,264.4,1
2023-08-13,Clothing,West,0,230.27,1
2023-08-13,Clothing,South,1,414.36,1
2023-08-13,Clothing,North,1,349.34,1
2023-08-20,Clothing,East,0,414.04,1
2023-08-20,Groceries,North,0,236.1,1
2023-08-20,Clothing,West,0,205.03,1
2023-08-20,Clothing,North,0,204.43,1
2023-08-20,Electronics,East,0,413.43,1
2023-08-20,Clothing,South,0,328.43,1
2023-08-20,Electronics,West,0,380.33,1
2023-08-20,Electronics,North,0,281.14,1
2023-08-20,Groceries,West,0,265.84,1
2023-08-20,Groceries,East,0,259.3,1
2023-08-20,Groceries,South,0,202.88,1
2023-08-20,Electronics,South,0,281.86,1
2023-08-27,Groceries,South,0,201.71,1
2023-08-27,Clothing,West,0,191.7,1
2023-08-27,Clothing,North,0,245.71,1
2023-08-27,Clothing,South,0,290.91,1
2023-08-27,Groceries,North,0,213.15,1
2023-08-27,Clothing,East,0,418.18,1
2023-08-27,Electronics,East,0,395.7,1
2023-08-27,Groceries,East,0,289.16,1
2023-08-27,Electronics,South,0,325.76,1
2023-08-27,Electronics,North,1,398.55,1
2023-08-27,Electronics,West,0,397.44,1
2023-08-27,Groceries,West,0,283.7,1
2023-09-04,Groceries,South,0,412.6,1
2023-09-04,Electronics,North,0,404.8,1
2023-09-04,Clothing,North,0,323.24,1
2023-09-04,Clothing,East,0,557.06,1
2023-09-04,Electronics,West,0,562.83,1
2023-09-04,Groceries,West,1,455.25,1
2023-09-04,Clothing,South,0,447.86,1
2023-09-04,Clothing,West,0,329.93,1
2023-09-04,Electronics,East,0,536.35,1
2023-09-04,Groceries,North,0,430.11,1
2023-09-04,Electronics,South,0,388.83,1
2023-09-04,Groceries,East,1,422.43,1
2023-09-07,Groceries,North,0,300.88,1
2023-09-07,Electronics,South,0,331.11,1
2023-09-07,Groceries,East,0,323.03,1
2023-09-07,Groceries,West,0,317.54,1
2023-09-07,Groceries,South,1,378.19,1
2023-09-07,Electronics,East,0,443.14,1
2023-09-07,Clothing,West,0,288.08,1
2023-09-07,Electronics,West,0,490.78,1
2023-09-07,Clothing,South,0,329.15,1
2023-09-07,Clothing,East,0,513.6,1
2023-09-07,Clothing,North,0,289.92,1
2023-09-07,Electronics,North,0,335.86,1
2023-09-17,Groceries,South,0,156.95,1
2023-09-17,Clothing,North,0,208.41,1
2023-09-17,Electronics,South,0,287.3,1
2023-09-17,Clothing,West,0,164.37,1
2023-09-17,Electronics,North,0,247.5,1
2023-09-17,Groceries,West,0,194.66,1
2023-09-17,Groceries,East,0,289.45,1
2023-09-17,Electronics,East,0,357.79,1
2023-09-17,Clothing,South,0,262.89,1
2023-09-17,Groceries,North,0,248.14,1
2023-09-17,Electronics,West,0,404.5,1
2023-09-17,Clothing,East,0,436.38,1
2023-09-24,Electronics,East,0,393.17,1
2023-09-24,Clothing,North,1,350.44,1
2023-09-24,Electronics,West,0,415.09,1
2023-09-24,Groceries,South,1,315.2,1
2023-09-24,Electronics,South,0,279.27,1
2023-09-24,Electronics,North,0,254.11,1
2023-09-24,Groceries,East,1,356.94,1
2023-09-24,Groceries,North,0,242.97,1
2023-09-24,Clothing,West,0,175.46,1
2023-09-24,Clothing,South,1,396.6,1
2023-09-24,Clothing,East,1,477.74,1
2023-09-24,Groceries,West,0,229.47,1
2023-10-09,Electronics,West,0,418.15,1
2023-10-09,Groceries,West,0,272.11,1
2023-10-09,Clothing,South,1,397.66,1
2023-10-09,Groceries,North,0,207.44,1
2023-10-09,Clothing,North,0,228.7,1
2023-10-09,Electronics,North,0,250.63,1
2023-10-09,Groceries,East,0,247.62,1
2023-10-09,Clothing,West,0,213.94,1
2023-10-09,Electronics,South,0,261.5,1
2023-10-09,Groceries,South,0,178.97,1
2023-10-09,Electronics,East,0,349.15,1
2023-10-09,Clothing,East,1,498.4,1
2023-10-12,Groceries,East,0,329.18,1
2023-10-12,Groceries,West,0,315.45,1
2023-10-12,Electronics,West,0,486.81,1
2023-10-12,Electronics,South,0,354.73,1
2023-10-12,Clothing,South,0,326.42,1
2023-10-12,Groceries,South,0,271.09,1
2023-10-12,Electronics,North,1,361.9,1
2023-10-12,Groceries,North,0,223.43,1
2023-10-12,Clothing,West,0,238.22,1
2023-10-12,Electronics,East,0,464.93,1
2023-10-12,Clothing,East,1,493.32,1
2023-10-12,Clothing,North,0,284.61,1
2023-10-15,Electronics,East,0,400.38,1
2023-10-15,Electronics,South,0,308.67,1
2023-10-15,Groceries,West,0,259.85,1
2023-10-15,Groceries,East,0,250.05,1
2023-10-15,Electronics,North,0,238.55,1
2023-10-15,Clothing,East,0,371.88,1
2023-10-15,Clothing,West,0,197.01,1
2023-10-15,Groceries,South,0,206.58,1
2023-10-15,Clothing,North,0,197.52,1
2023-10-15,Groceries,North,0,238.25,1
2023-10-15,Clothing,South,0,280.91,1
2023-10-15,Electronics,West,0,431.85,1
2023-10-22,Groceries,West,0,231.53,1
2023-10-22,Clothing,West,0,212.63,1
2023-10-22,Electronics,South,0,265.43,1
2023-10-22,Groceries,North,0,251.3,1
2023-10-22,Clothing,East,0,347.35,1
2023-10-22,Clothing,South,0,318.53,1
2023-10-22,Electronics,West,0,445.8,1
2023-10-22,Electronics,East,0,402.64,1
2023-10-22,Groceries,East,0,222.02,1
2023-10-22,Electronics,North,0,255.21,1
2023-10-22,Groceries,South,0,198.54,1
2023-10-22,Clothing,North,0,245.04,1
2023-10-29,Groceries,North,0,254.9,1
2023-10-29,Electronics,West,0,439.67,1
2023-10-29,Clothing,West,0,231.56,1
2023-10-29,Clothing,South,0,290.1,1
2023-10-29,Groceries,West,0,264.49,1
2023-10-29,Electronics,South,0,271.77,1
2023-10-29,Clothing,North,0,248.27,1
2023-10-29,Electronics,North,0,293.96,1
2023-10-29,Groceries,East,0,224.5,1
2023-10-29,Groceries,South,0,186.54,1
2023-10-29,Electronics,East,0,405.31,1
2023-10-29,Clothing,East,0,437.05,1
2023-11-06,Electronics,North,0,385.09,1
2023-11-06,Clothing,South,0,397.82,1
2023-11-06,Clothing,East,0,513.84,1
2023-11-06,Electronics,South,0,381.47,1
2023-11-06,Clothing,West,1,411.16,1
2023-11-06,Groceries,North,0,345.36,1
2023-11-06,Clothing,North,0,308.17,1
2023-11-06,Groceries,East,0,327.87,1
2023-11-06,Electronics,East,0,460.26,1
2023-11-06,Groceries,South,0,313.17,1
2023-11-06,Electronics,West,1,575.2,1
2023-11-06,Groceries,West,1,460.35,1
2023-11-19,Groceries,South,0,233.58,1
2023-11-19,Electronics,East,0,423.78,1
2023-11-19,Groceries,North,0,234.95,1
2023-11-19,Electronics,South,0,296.6,1
2023-11-19,Electronics,North,0,293.16,1
2023-11-19,Clothing,South,0,319.97,1
2023-11-19,Clothing,North,0,250.07,1
2023-11-19,Groceries,West,0,264.86,1
2023-11-19,Clothing,East,0,420.48,1
2023-11-19,Electronics,West,0,442.32,1
2023-11-19,Clothing,West,0,253.8,1
2023-11-19,Groceries,East,0,226.52,1
2023-11-26,Clothing,East,0,435.3,1
2023-11-26,Clothing,North,0,318.04,1
2023-11-26,Clothing,West,0,249.9,1
2023-11-26,Electronics,East,0,425.13,1
2023-11-26,Electronics,South,0,318.15,1
2023-11-26,Groceries,North,0,263.57,1
2023-11-26,Groceries,West,1,363.76,1
2023-11-26,Electronics,North,1,395.78,1
2023-11-26,Groceries,East,0,285.46,1
2023-11-26,Clothing,South,0,297.68,1
2023-11-26,Electronics,West,0,473.27,1
2023-11-26,Groceries,South,1,336.99,1
2023-12-02,Electronics,West,1,650.29,1
2023-12-02,Clothing,East,0,546.35,1
2023-12-02,Electronics,East,0,500.16,1
2023-12-02,Groceries,East,0,353.64,1
2023-12-02,Clothing,South,0,435.27,1
2023-12-02,Groceries,West,0,413.31,1
2023-12-02,Clothing,North,0,321.21,1
2023-12-02,Clothing,West,0,334.71,1
2023-12-02,Electronics,South,0,326.38,1
2023-12-02,Electronics,North,0,395.45,1
2023-12-02,Groceries,North,0,361.24,1
2023-12-02,Groceries,South,0,321.78,1
2023-12-03,Electronics,North,1,525.82,1
2023-12-03,Groceries,South,0,399.47,1
2023-12-03,Clothing,South,1,487.73,1
2023-12-03,Clothing,North,0,350.13,1
2023-12-03,Electronics,South,0,367.63,1
2023-12-03,Groceries,North,0,372.3,1
2023-12-03,Electronics,West,0,563.5,1
2023-12-03,Electronics,East,0,544.77,1
2023-12-03,Groceries,East,0,335.83,1
2023-12-03,Groceries,West,0,380.71,1
2023-12-03,Clothing,East,0,600.24,1
2023-12-03,Clothing,West,0,334.17,1
2023-12-11,Groceries,West,0,271.1,1
2023-12-11,Electronics,North,0,251.51,1
2023-12-11,Clothing,South,1,417.88,1
2023-12-11,Electronics,West,0,450.47,1
2023-12-11,Clothing,West,0,246.93,1
2023-12-11,Clothing,East,0,420.82,1
2023-12-11,Groceries,North,0,266.89,1
2023-12-11,Electronics,South,0,267.67,1
2023-12-11,Groceries,East,1,343.94,1
2023-12-11,Clothing,North,0,249.87,1
2023-12-11,Groceries,South,0,202.21,1
2023-12-11,Electronics,East,0,447.87,1
2023-12-17,Groceries,East,0,300.46,1
2023-12-17,Electronics,North,1,450.5,1
2023-12-17,Clothing,East,0,540.16,1
2023-12-17,Clothing,South,0,330.32,1
2023-12-17,Groceries,South,0,257.75,1
2023-12-17,Electronics,West,1,574.49,1
2023-12-17,Groceries,West,0,305.62,1
2023-12-17,Electronics,South,1,424.7,1
2023-12-17,Clothing,North,0,292.15,1
2023-12-17,Groceries,North,0,292.46,1
2023-12-17,Clothing,West,1,363.45,1
2023-12-17,Electronics,East,0,465.17,1
2023-12-24,Groceries,East,1,374.29,1
2023-12-24,Electronics,West,0,448.56,1
2023-12-24,Electronics,North,0,350.21,1
2023-12-24,Electronics,East,0,482.81,1
2023-12-24,Groceries,South,0,286.16,1
2023-12-24,Clothing,North,0,306.2,1
2023-12-24,Clothing,South,0,401.68,1
2023-12-24,Electronics,South,0,321.42,1
2023-12-24,Groceries,West,0,359.08,1
2023-12-24,Clothing,West,0,341.71,1
2023-12-24,Groceries,North,0,315.66,1
2023-12-24,Clothing,East,0,520.02,1
2023-12-31,Electronics,South,0,358.73,1
2023-12-31,Groceries,West,0,342.7,1
2023-12-31,Electronics,East,0,443.32,1
2023-12-31,Clothing,South,0,374.7,1
2023-12-31,Clothing,West,0,309.76,1
2023-12-31,Electronics,North,0,358.32,1
2023-12-31,Groceries,South,0,290.22,1
2023-12-31,Clothing,East,0,506.82,1
2023-12-31,Groceries,East,0,330.71,1
2023-12-31,Groceries,North,0,310.67,1
2023-12-31,Clothing,North,0,305.48,1
2023-12-31,Electronics,West,1,599.36,1
2024-01-09,Clothing,East,1,475.09,1
2024-01-09,Electronics,West,0,443.52,1
2024-01-09,Groceries,East,0,240.79,1
2024-01-09,Groceries,North,1,378.81,1
2024-01-09,Groceries,South,1,349.62,1
2024-01-09,Clothing,South,0,324.72,1
2024-01-09,Clothing,North,0,293.53,1
2024-01-09,Electronics,South,0,352.52,1
2024-01-09,Electronics,North,0,314.54,1
2024-01-09,Clothing,West,0,231.41,1
2024-01-09,Electronics,East,1,501.21,1
2024-01-09,Groceries,West,0,242.3,1
2024-01-12,Clothing,West,0,251.24,1
2024-01-12,Groceries,North,0,277.67,1
2024-01-12,Electronics,South,0,398.58,1
2024-01-12,Groceries,South,0,209.31,1
2024-01-12,Clothing,East,0,477.53,1
2024-01-12,Clothing,North,0,286.24,1
2024-01-12,Groceries,West,1,446.5,1
2024-01-12,Electronics,North,0,305.99,1
2024-01-12,Electronics,West,0,514.7,1
2024-01-12,Electronics,East,1,563.26,1
2024-01-12,Clothing,South,0,353.09,1
2024-01-12,Groceries,East,0,294.91,1
2024-01-14,Groceries,East,0,298.98,1
2024-01-14,Electronics,East,0,524.18,1
2024-01-14,Groceries,West,0,381.93,1
2024-01-14,Electronics,North,0,383.42,1
2024-01-14,Electronics,South,0,342.62,1
2024-01-14,Clothing,East,0,527.11,1
2024-01-14,Electronics,West,0,502.09,1
2024-01-14,Clothing,South,0,448.62,1
2024-01-14,Groceries,North,0,336.67,1
2024-01-14,Groceries,South,0,327.69,1
2024-01-14,Clothing,West,0,301.36,1
2024-01-14,Clothing,North,0,314.43,1
2024-01-21,Electronics,East,0,497.15,1
2024-01-21,Clothing,West,0,322.92,1
2024-01-21,Electronics,North,0,380.3,1
2024-01-21,Electronics,South,1,463.81,1
2024-01-21,Clothing,North,1,430.55,1
2024-01-21,Groceries,North,0,346.67,1
2024-01-21,Clothing,South,0,420.54,1
2024-01-21,Electronics,West,0,542.94,1
2024-01-21,Clothing,East,0,548.82,1
2024-01-21,Groceries,South,0,334.62,1
2024-01-21,Groceries,West,0,330.21,1
2024-01-21,Groceries,East,0,381.94,1
2024-01-28,Groceries,North,0,354.7,1
2024-01-28,Groceries,East,0,351.77,1
2024-01-28,Clothing,North,0,302.7,1
2024-01-28,Electronics,South,1,464.52,1
2024-01-28,Groceries,West,0,346.04,1
2024-01-28,Clothing,South,0,437.85,1
2024-01-28,Clothing,East,0,579.5,1
2024-01-28,Clothing,West,1,419.23,1
2024-01-28,Electronics,North,0,368.45,1
2024-01-28,Electronics,East,0,470.86,1
2024-01-28,Groceries,South,0,374.22,1
2024-01-28,Electronics,West,0,553.33,1
2024-02-06,Groceries,South,0,377.25,1
2024-02-06,Groceries,West,0,312.68,1
2024-02-06,Electronics,North,0,398.7,1
2024-02-06,Groceries,North,1,457.6,1
2024-02-06,Groceries,East,0,376.89,1
2024-02-06,Clothing,North,0,327.55,1
2024-02-06,Clothing,South,0,440.37,1
2024-02-06,Electronics,West,0,539.29,1
2024-02-06,Electronics,South,0,425.15,1
2024-02-06,Clothing,West,0,365.89,1
2024-02-06,Electronics,East,0,519.41,1
2024-02-06,Clothing,East,0,539.98,1
2024-02-18,Groceries,North,0,393.21,1
2024-02-18,Clothing,South,0,427.91,1
2024-02-18,Clothing,North,0,366.32,1
2024-02-18,Electronics,West,0,573.91,1
2024-02-18,Clothing,East,1,672.85,1
2024-02-18,Clothing,West,0,360.65,1
2024-02-18,Groceries,East,0,399.5,1
2024-02-18,Groceries,South,0,393.51,1
2024-02-18,Groceries,West,0,416.73,1
2024-02-18,Electronics,South,0,409.71,1
2024-02-18,Electronics,East,0,544.94,1
2024-02-18,Electronics,North,1,501.74,1
2024-02-25,Groceries,West,0,413.33,1
2024-02-25,Groceries,North,1,455.08,1
2024-02-25,Clothing,South,1,518.61,1
2024-02-25,Electronics,East,1,612.57,1
2024-02-25,Clothing,North,0,342.09,1
2024-02-25,Electronics,North,0,394.48,1
2024-02-25,Groceries,South,0,398.03,1
2024-02-25,Electronics,West,0,510.13,1
2024-02-25,Electronics,South,0,451.09,1
2024-02-25,Groceries,East,0,388.71,1
2024-02-25,Clothing,East,0,602.07,1
2024-02-25,Clothing,West,0,338.38,1
2024-03-03,Groceries,South,0,443.08,1
2024-03-03,Groceries,North,0,379.32,1
2024-03-03,Electronics,North,0,438.87,1
2024-03-03,Electronics,East,0,538.51,1
2024-03-03,Clothing,East,0,626.52,1
2024-03-03,Electronics,West,0,578.75,1
2024-03-03,Groceries,West,0,360.67,1
2024-03-03,Clothing,West,0,388.58,1
2024-03-03,Groceries,East,0,384.07,1
2024-03-03,Clothing,South,0,414.83,1
2024-03-03,Electronics,South,0,415.09,1
2024-03-03,Clothing,North,0,373.52,1
2024-03-11,Clothing,North,0,234.9,1
2024-03-11,Electronics,East,0,420.79,1
2024-03-11,Groceries,East,0,295.44,1
2024-03-11,Groceries,South,0,206.13,1
2024-03-11,Clothing,South,0,342.44,1
2024-03-11,Electronics,South,0,253.59,1
2024-03-11,Electronics,West,0,446.17,1
2024-03-11,Clothing,West,1,291.21,1
2024-03-11,Groceries,West,0,313.98,1
2024-03-11,Groceries,North,0,240.16,1
2024-03-11,Electronics,North,0,306.36,1
2024-03-11,Clothing,East,0,446.41,1
2024-03-17,Groceries,South,0,363.81,1
2024-03-17,Electronics,North,0,418.85,1
2024-03-17,Groceries,East,1,475.11,1
2024-03-17,Electronics,South,0,464.59,1
2024-03-17,Clothing,East,0,560.63,1
2024-03-17,Groceries,West,0,438.1,1
2024-03-17,Electronics,East,0,536.34,1
2024-03-17,Clothing,South,0,500.75,1
2024-03-17,Clothing,West,0,375.33,1
2024-03-17,Clothing,North,0,324.65,1
2024-03-17,Electronics,West,0,556.24,1
2024-03-17,Groceries,North,0,414.51,1
2024-03-24,Groceries,South,0,398.66,1
2024-03-24,Electronics,East,0,560.13,1
2024-03-24,Clothing,West,0,417.36,1
2024-03-24,Groceries,East,0,415.53,1
2024-03-24,Electronics,South,0,432.79,1
2024-03-24,Clothing,South,0,519.97,1
2024-03-24,Electronics,North,0,449.09,1
2024-03-24,Electronics,West,0,555.23,1
2024-03-24,Groceries,West,0,409.31,1
2024-03-24,Clothing,North,0,371.19,1
2024-03-24,Clothing,East,0,621.42,1
2024-03-24,Groceries,North,0,429.06,1
2024-03-31,Electronics,West,0,563.61,1
2024-03-31,Electronics,East,0,587.4,1
2024-03-31,Clothing,South,0,456.75,1
2024-03-31,Clothing,East,1,687.3,1
2024-03-31,Groceries,East,0,402.34,1
2024-03-31,Clothing,North,0,363.01,1
2024-03-31,Electronics,North,0,381.1,1
2024-03-31,Clothing,West,0,337.02,1
2024-03-31,Groceries,North,1,438.18,1
2024-03-31,Groceries,South,0,408.05,1
2024-03-31,Groceries,West,0,427.11,1
2024-03-31,Electronics,South,0,399.07,1
2024-04-02,Groceries,South,0,356.39,1
2024-04-02,Groceries,North,0,389.66,1
2024-04-02,Clothing,North,0,329.25,1
2024-04-02,Electronics,East,0,560.38,1
2024-04-02,Electronics,West,0,544.75,1
2024-04-02,Groceries,East,0,340.72,1
2024-04-02,Clothing,South,0,431.98,1
2024-04-02,Clothing,West,1,360.71,1
2024-04-02,Electronics,South,0,430.19,1
2024-04-02,Groceries,West,0,397.32,1
2024-04-02,Electronics,North,1,505.8,1
2024-04-02,Clothing,East,0,584.58,1
2024-04-08,Electronics,South,0,339.64,1
2024-04-08,Groceries,South,0,283.44,1
2024-04-08,Electronics,East,0,445.71,1
2024-04-08,Clothing,West,0,225.28,1
2024-04-08,Clothing,South,0,367.61,1
2024-04-08,Clothing,East,0,485.8,1
2024-04-08,Electronics,North,0,294.26,1
2024-04-08,Clothing,North,0,280.19,1
2024-04-08,Groceries,West,0,367.62,1
2024-04-08,Electronics,West,0,426.2,1
2024-04-08,Groceries,North,1,378.15,1
2024-04-08,Groceries,East,0,323.5,1
2024-04-14,Electronics,North,0,427.63,1
2024-04-14,Electronics,South,1,547.88,1
2024-04-14,Clothing,North,0,364.88,1
2024-04-14,Groceries,West,0,434.44,1
2024-04-14,Groceries,South,1,567.59,1
2024-04-14,Clothing,West,0,434.24,1
2024-04-14,Groceries,North,0,399.0,1
2024-04-14,Clothing,South,0,456.46,1
2024-04-14,Clothing,East,0,692.08,1
2024-04-14,Groceries,East,1,441.54,1
2024-04-14,Electronics,East,0,566.26,1
2024-04-14,Electronics,West,0,616.64,1
2024-04-21,Clothing,South,0,392.49,1
2024-04-21,Clothing,West,0,387.07,1
2024-04-21,Electronics,North,0,415.42,1
2024-04-21,Groceries,West,1,439.46,1
2024-04-21,Electronics,West,0,599.88,1
2024-04-21,Electronics,East,0,568.53,1
2024-04-21,Groceries,North,0,416.54,1
2024-04-21,Clothing,North,0,372.5,1
2024-04-21,Electronics,South,0,449.43,1
2024-04-21,Groceries,East,0,419.4,1
2024-04-21,Clothing,East,0,665.52,1
2024-04-21,Groceries,South,0,402.29,1
2024-04-28,Electronics,East,0,537.39,1
2024-04-28,Groceries,East,1,496.08,1
2024-04-28,Clothing,East,1,700.19,1
2024-04-28,Groceries,West,0,441.02,1
2024-04-28,Clothing,North,0,317.99,1
2024-04-28,Clothing,South,0,454.82,1
2024-04-28,Electronics,South,0,400.17,1
2024-04-28,Clothing,West,0,387.45,1
2024-04-28,Electronics,North,0,483.2,1
2024-04-28,Electronics,West,0,525.3,1
2024-04-28,Groceries,South,0,428.66,1
2024-04-28,Groceries,North,0,441.96,1
2024-05-05,Clothing,West,0,382.14,1
2024-05-05,Groceries,East,0,410.69,1
2024-05-05,Electronics,South,0,439.67,1
2024-05-05,Electronics,West,0,567.36,1
2024-05-05,Clothing,North,0,343.16,1
2024-05-05,Clothing,South,0,470.37,1
2024-05-05,Electronics,North,1,508.27,1
2024-05-05,Groceries,South,0,410.58,1
2024-05-05,Groceries,West,0,410.74,1
2024-05-05,Electronics,East,0,553.78,1
2024-05-05,Groceries,North,0,373.53,1
2024-05-05,Clothing,East,1,706.72,1
2024-05-19,Clothing,North,0,293.44,1
2024-05-19,Groceries,West,0,387.32,1
2024-05-19,Groceries,East,0,376.1,1
2024-05-19,Groceries,South,1,476.82,1
2024-05-19,Clothing,East,0,585.68,1
2024-05-19,Electronics,South,0,465.76,1
2024-05-19,Electronics,West,0,551.97,1
2024-05-19,Clothing,South,0,444.73,1
2024-05-19,Clothing,West,0,363.04,1
2024-05-19,Groceries,North,0,346.42,1
2024-05-19,Electronics,North,0,400.81,1
2024-05-19,Electronics,East,1,612.8,1
2024-05-26,Clothing,East,0,555.71,1
2024-05-26,Electronics,North,0,370.62,1
2024-05-26,Clothing,West,0,369.29,1
2024-05-26,Groceries,West,0,364.07,1
2024-05-26,Electronics,West,0,546.33,1
2024-05-26,Groceries,East,0,339.1,1
2024-05-26,Clothing,South,0,459.38,1
2024-05-26,Electronics,East,0,493.79,1
2024-05-26,Clothing,North,1,432.99,1
2024-05-26,Electronics,South,0,427.42,1
2024-05-26,Groceries,South,1,470.03,1
2024-05-26,Groceries,North,0,391.8,1
2024-06-10,Groceries,East,0,260.7,1
2024-06-10,Groceries,South,0,217.83,1
2024-06-10,Groceries,West,0,282.68,1
2024-06-10,Electronics,West,0,427.29,1
2024-06-10,Clothing,North,0,282.12,1
2024-06-10,Clothing,West,0,195.61,1
2024-06-10,Electronics,South,0,328.9,1
2024-06-10,Clothing,East,0,388.96,1
2024-06-10,Electronics,North,0,242.35,1
2024-06-10,Electronics,East,1,483.61,1
2024-06-10,Groceries,North,1,386.88,1
2024-06-10,Clothing,South,0,335.16,1
2024-06-16,Clothing,West,0,278.36,1
2024-06-16,Groceries,North,0,344.84,1
2024-06-16,Electronics,West,0,526.24,1
2024-06-16,Electronics,North,1,452.05,1
2024-06-16,Groceries,East,0,344.84,1
2024-06-16,Clothing,North,0,337.53,1
2024-06-16,Groceries,South,0,363.45,1
2024-06-16,Clothing,East,0,524.08,1
2024-06-16,Electronics,South,0,372.92,1
2024-06-16,Groceries,West,0,327.41,1
2024-06-16,Electronics,East,0,489.04,1
2024-06-16,Clothing,South,0,392.55,1
2024-06-23,Groceries,North,0,336.56,1
2024-06-23,Electronics,North,1,474.15,1
2024-06-23,Clothing,West,0,360.25,1
2024-06-23,Electronics,South,0,348.36,1
2024-06-23,Electronics,East,0,525.03,1
2024-06-23,Groceries,East,0,362.69,1
2024-06-23,Groceries,West,0,350.98,1
2024-06-23,Clothing,East,0,561.09,1
2024-06-23,Clothing,South,0,373.31,1
2024-06-23,Clothing,North,0,315.03,1
2024-06-23,Groceries,South,1,390.64,1
2024-06-23,Electronics,West,1,670.57,1
2024-06-30,Groceries,South,0,284.44,1
2024-06-30,Groceries,West,1,370.99,1
2024-06-30,Electronics,North,0,353.1,1
2024-06-30,Electronics,South,0,369.78,1
2024-06-30,Electronics,West,0,528.62,1
2024-06-30,Clothing,West,0,305.43,1
2024-06-30,Clothing,South,0,371.71,1
2024-06-30,Clothing,East,0,482.63,1
2024-06-30,Clothing,North,0,319.33,1
2024-06-30,Electronics,East,1,565.8,1
2024-06-30,Groceries,North,0,309.43,1
2024-06-30,Groceries,East,0,291.13,1
2024-07-01,Electronics,East,0,480.36,1
2024-07-01,Electronics,South,0,343.55,1
2024-07-01,Clothing,West,0,286.65,1
2024-07-01,Groceries,North,0,370.46,1
2024-07-01,Clothing,East,0,490.21,1
2024-07-01,Clothing,South,0,364.81,1
2024-07-01,Clothing,North,0,292.75,1
2024-07-01,Electronics,North,0,351.57,1
2024-07-01,Groceries,East,0,328.75,1
2024-07-01,Electronics,West,0,527.22,1
2024-07-01,Groceries,South,0,314.74,1
2024-07-01,Groceries,West,0,283.42,1
2024-07-04,Electronics,North,1,562.21,1
2024-07-04,Clothing,East,0,652.55,1
2024-07-04,Groceries,West,0,425.5,1
2024-07-04,Groceries,East,0,365.79,1
2024-07-04,Electronics,West,1,680.69,1
2024-07-04,Electronics,South,0,449.79,1
2024-07-04,Clothing,West,0,364.32,1
2024-07-04,Clothing,South,0,465.72,1
2024-07-04,Electronics,East,1,667.97,1
2024-07-04,Groceries,North,0,441.83,1
2024-07-04,Clothing,North,1,409.29,1
2024-07-04,Groceries,South,0,412.74,1
2024-07-07,Groceries,East,0,357.41,1
2024-07-07,Clothing,West,0,235.65,1
2024-07-07,Clothing,East,0,498.05,1
2024-07-07,Groceries,South,0,316.76,1
2024-07-07,Electronics,West,0,496.17,1
2024-07-07,Groceries,North,0,306.5,1
2024-07-07,Clothing,South,1,415.67,1
2024-07-07,Electronics,East,0,501.37,1
2024-07-07,Electronics,North,0,346.16,1
2024-07-07,Electronics,South,0,351.72,1
2024-07-07,Groceries,West,0,354.44,1
2024-07-07,Clothing,North,0,302.9,1
2024-07-14,Clothing,North,0,313.78,1
2024-07-14,Groceries,West,0,382.25,1
2024-07-14,Groceries,North,0,273.18,1
2024-07-14,Electronics,North,0,335.28,1
2024-07-14,Clothing,East,1,609.59,1
2024-07-14,Clothing,South,1,515.87,1
2024-07-14,Electronics,East,0,429.91,1
2024-07-14,Groceries,South,0,259.88,1
2024-07-14,Groceries,East,0,284.46,1
2024-07-14,Clothing,West,0,243.7,1
2024-07-14,Electronics,South,0,335.15,1
2024-07-14,Electronics,West,1,591.7,1
2024-07-21,Clothing,West,0,251.76,1
2024-07-21,Electronics,South,1,454.99,1
2024-07-21,Groceries,North,0,288.68,1
2024-07-21,Electronics,East,0,427.95,1
2024-07-21,Electronics,North,0,349.3,1
2024-07-21,Clothing,South,0,354.39,1
2024-07-21,Clothing,East,0,491.77,1
2024-07-21,Groceries,South,0,209.28,1
2024-07-21,Clothing,North,0,279.39,1
2024-07-21,Electronics,West,0,509.31,1
2024-07-21,Groceries,West,0,358.82,1
2024-07-21,Groceries,East,0,312.44,1
2024-07-28,Clothing,South,0,374.91,1
2024-07-28,Clothing,North,1,295.04,1
2024-07-28,Groceries,North,0,302.05,1
2024-07-28,Electronics,East,1,533.97,1
2024-07-28,Electronics,South,0,286.42,1
2024-07-28,Groceries,West,0,263.52,1
2024-07-28,Clothing,West,0,257.06,1
2024-07-28,Electronics,North,0,297.19,1
2024-07-28,Electronics,West,0,486.91,1
2024-07-28,Groceries,South,0,247.57,1
2024-07-28,Clothing,East,1,522.4,1
2024-07-28,Groceries,East,0,300.8,1
2024-08-09,Clothing,South,0,274.69,1
2024-08-09,Groceries,South,0,269.48,1
2024-08-09,Groceries,East,0,340.33,1
2024-08-09,Groceries,North,0,290.15,1
2024-08-09,Clothing,East,1,529.52,1
2024-08-09,Electronics,West,0,417.71,1
2024-08-09,Electronics,South,0,289.54,1
2024-08-09,Clothing,North,0,231.34,1
2024-08-09,Electronics,East,0,424.34,1
2024-08-09,Electronics,North,0,279.05,1
2024-08-09,Groceries,West,1,364.97,1
2024-08-09,Clothing,West,0,263.63,1
2024-08-12,Clothing,North,0,274.5,1
2024-08-12,Groceries,West,0,314.8,1
2024-08-12,Clothing,West,1,401.15,1
2024-08-12,Groceries,South,1,336.86,1
2024-08-12,Groceries,North,0,312.48,1
2024-08-12,Electronics,North,0,300.09,1
2024-08-12,Clothing,South,0,332.61,1
2024-08-12,Clothing,East,0,491.7,1
2024-08-12,Electronics,West,0,516.61,1
2024-08-12,Electronics,East,0,457.34,1
2024-08-12,Groceries,East,0,350.99,1
2024-08-12,Electronics,South,1,447.12,1
2024-08-18,Clothing,North,0,264.82,1
2024-08-18,Groceries,East,0,277.5,1
2024-08-18,Electronics,South,0,299.36,1
2024-08-18,Groceries,South,0,263.22,1
2024-08-18,Electronics,North,0,337.07,1
2024-08-18,Groceries,West,0,301.79,1
2024-08-18,Electronics,West,0,482.07,1
2024-08-18,Groceries,North,0,280.1,1
2024-08-18,Electronics,East,0,447.3,1
2024-08-18,Clothing,South,0,293.38,1
2024-08-18,Clothing,West,0,263.77,1
2024-08-18,Clothing,East,0,489.64,1
2024-08-25,Clothing,North,0,228.25,1
2024-08-25,Electronics,East,0,415.11,1
2024-08-25,Electronics,South,0,324.56,1
2024-08-25,Electronics,West,0,465.73,1
2024-08-25,Electronics,North,1,386.28,1
2024-08-25,Groceries,East,0,290.88,1
2024-08-25,Clothing,South,0,280.22,1
2024-08-25,Groceries,West,1,346.36,1
2024-08-25,Clothing,West,0,257.41,1
2024-08-25,Clothing,East,0,386.61,1
2024-08-25,Groceries,North,0,278.1,1
2024-08-25,Groceries,South,0,214.4,1
2024-09-06,Clothing,West,0,372.65,1
2024-09-06,Groceries,North,0,392.49,1
2024-09-06,Electronics,West,0,490.23,1
2024-09-06,Groceries,South,0,337.64,1
2024-09-06,Clothing,North,1,413.07,1
2024-09-06,Electronics,East,0,531.04,1
2024-09-06,Clothing,East,0,495.03,1
2024-09-06,Groceries,East,0,359.32,1
2024-09-06,Electronics,South,0,362.97,1
2024-09-06,Electronics,North,1,464.72,1
2024-09-06,Clothing,South,0,440.71,1
2024-09-06,Groceries,West,0,395.82,1
2024-09-15,Electronics,East,0,416.59,1
2024-09-15,Groceries,East,1,343.44,1
2024-09-15,Clothing,North,0,268.34,1
2024-09-15,Electronics,South,0,269.74,1
2024-09-15,Clothing,East,0,409.44,1
2024-09-15,Electronics,West,0,440.07,1
2024-09-15,Groceries,West,0,252.64,1
2024-09-15,Clothing,West,0,212.37,1
2024-09-15,Groceries,North,0,230.69,1
2024-09-15,Electronics,North,0,267.42,1
2024-09-15,Groceries,South,0,231.56,1
2024-09-15,Clothing,South,0,285.91,1
2024-09-22,Electronics,South,0,273.81,1
2024-09-22,Electronics,West,0,427.03,1
2024-09-22,Electronics,East,0,445.8,1
2024-09-22,Groceries,East,1,373.36,1
2024-09-22,Clothing,West,0,181.2,1
2024-09-22,Groceries,West,0,276.96,1
2024-09-22,Electronics,North,0,298.81,1
2024-09-22,Clothing,North,0,211.87,1
2024-09-22,Groceries,South,0,165.4,1
2024-09-22,Groceries,North,0,206.32,1
2024-09-22,Clothing,South,0,332.37,1
2024-09-22,Clothing,East,0,490.89,1
2024-09-29,Groceries,South,1,264.46,1
2024-09-29,Groceries,West,0,225.34,1
2024-09-29,Clothing,South,0,358.59,1
2024-09-29,Electronics,South,0,288.84,1
2024-09-29,Electronics,North,0,244.57,1
2024-09-29,Electronics,East,0,433.65,1
2024-09-29,Clothing,West,0,166.1,1
2024-09-29,Clothing,North,0,249.84,1
2024-09-29,Electronics,West,0,428.12,1
2024-09-29,Groceries,East,0,262.85,1
2024-09-29,Groceries,North,0,261.81,1
2024-09-29,Clothing,East,0,391.06,1
2024-10-03,Groceries,North,0,415.42,1
2024-10-03,Groceries,South,0,387.31,1
2024-10-03,Electronics,South,0,433.87,1
2024-10-03,Clothing,West,0,359.81,1
2024-10-03,Electronics,West,0,572.74,1
2024-10-03,Clothing,East,0,648.39,1
2024-10-03,Groceries,West,0,389.49,1
2024-10-03,Electronics,East,0,558.84,1
2024-10-03,Groceries,East,0,359.69,1
2024-10-03,Clothing,South,0,463.68,1
2024-10-03,Electronics,North,0,453.18,1
2024-10-03,Clothing,North,0,350.31,1
2024-10-11,Groceries,South,0,202.73,1
2024-10-11,Electronics,South,0,271.33,1
2024-10-11,Electronics,North,1,392.2,1
2024-10-11,Clothing,North,0,288.78,1
2024-10-11,Electronics,West,0,473.64,1
2024-10-11,Clothing,South,0,305.78,1
2024-10-11,Electronics,East,0,464.51,1
2024-10-11,Groceries,East,0,330.34,1
2024-10-11,Groceries,North,0,248.9,1
2024-10-11,Clothing,West,0,214.45,1
2024-10-11,Clothing,East,0,425.92,1
2024-10-11,Groceries,West,0,283.21,1
2024-10-13,Electronics,West,0,463.84,1
2024-10-13,Clothing,North,0,269.38,1
2024-10-13,Clothing,South,0,291.16,1
2024-10-13,Clothing,East,0,406.11,1
2024-10-13,Groceries,South,0,238.28,1
2024-10-13,Groceries,East,0,266.68,1
2024-10-13,Groceries,North,0,259.31,1
2024-10-13,Electronics,North,1,360.45,1
2024-10-13,Groceries,West,0,294.84,1
2024-10-13,Clothing,West,0,267.38,1
2024-10-13,Electronics,South,1,378.68,1
2024-10-13,Electronics,East,0,420.63,1
2024-10-20,Groceries,North,0,233.58,1
2024-10-20,Electronics,East,1,479.47,1
2024-10-20,Clothing,West,0,165.92,1
2024-10-20,Groceries,South,0,221.05,1
2024-10-20,Clothing,South,0,327.77,1
2024-10-20,Clothing,East,0,417.36,1
2024-10-20,Groceries,East,0,279.5,1
2024-10-20,Electronics,South,0,279.12,1
2024-10-20,Electronics,West,0,467.49,1
2024-10-20,Clothing,North,0,261.15,1
2024-10-20,Electronics,North,0,254.59,1
2024-10-20,Groceries,West,0,262.06,1
2024-10-27,Electronics,North,0,248.04,1
2024-10-27,Electronics,West,0,442.52,1
2024-10-27,Electronics,South,1,341.71,1
2024-10-27,Electronics,East,0,421.48,1
2024-10-27,Groceries,East,1,308.97,1
2024-10-27,Groceries,North,0,289.75,1
2024-10-27,Clothing,East,0,413.19,1
2024-10-27,Groceries,West,0,287.38,1
2024-10-27,Clothing,South,0,316.6,1
2024-10-27,Groceries,South,0,223.77,1
2024-10-27,Clothing,West,0,277.76,1
2024-10-27,Clothing,North,0,267.44,1
2024-11-02,Electronics,South,1,481.82,1
2024-11-02,Groceries,West,0,324.0,1
2024-11-02,Groceries,East,0,380.67,1
2024-11-02,Groceries,South,0,404.99,1
2024-11-02,Electronics,East,0,495.95,1
2024-11-02,Clothing,East,1,665.22,1
2024-11-02,Groceries,North,0,398.1,1
2024-11-02,Electronics,West,0,592.44,1
2024-11-02,Clothing,North,1,427.36,1
2024-11-02,Clothing,South,0,431.65,1
2024-11-02,Electronics,North,0,365.59,1
2024-11-02,Clothing,West,0,331.89,1
2024-11-08,Clothing,East,1,550.64,1
2024-11-08,Electronics,East,1,481.71,1
2024-11-08,Groceries,West,1,376.06,1
2024-11-08,Groceries,South,0,170.67,1
2024-11-08,Groceries,North,0,285.54,1
2024-11-08,Clothing,West,0,250.18,1
2024-11-08,Electronics,North,0,269.62,1
2024-11-08,Clothing,South,1,438.33,1
2024-11-08,Electronics,South,0,306.99,1
2024-11-08,Groceries,East,0,325.47,1
2024-11-08,Electronics,West,1,625.95,1
2024-11-08,Clothing,North,1,299.53,1
2024-11-17,Groceries,North,0,262.86,1
2024-11-17,Electronics,East,0,428.27,1
2024-11-17,Groceries,South,0,185.9,1
2024-11-17,Electronics,South,0,350.76,1
2024-11-17,Electronics,North,0,250.96,1
2024-11-17,Clothing,West,1,304.4,1
2024-11-17,Electronics,West,0,457.23,1
2024-11-17,Groceries,East,0,287.13,1
2024-11-17,Clothing,North,1,396.88,1
2024-11-17,Groceries,West,0,274.09,1
2024-11-17,Clothing,South,0,331.07,1
2024-11-17,Clothing,East,0,439.57,1
2024-11-24,Electronics,North,0,250.71,1
2024-11-24,Groceries,East,1,446.19,1
2024-11-24,Clothing,West,0,262.95,1
2024-11-24,Clothing,South,0,353.66,1
2024-11-24,Clothing,East,0,412.52,1
2024-11-24,Groceries,South,0,224.92,1
2024-11-24,Electronics,West,0,448.58,1
2024-11-24,Electronics,South,0,308.05,1
2024-11-24,Electronics,East,0,474.25,1
2024-11-24,Clothing,North,0,229.59,1
2024-11-24,Groceries,West,0,262.44,1
2024-11-24,Groceries,North,0,282.73,1
2024-12-05,Electronics,North,0,452.24,1
2024-12-05,Groceries,West,0,388.52,1
2024-12-05,Groceries,East,0,386.01,1
2024-12-05,Clothing,South,0,450.22,1
2024-12-05,Clothing,East,0,557.83,1
2024-12-05,Groceries,North,0,394.25,1
2024-12-05,Clothing,North,0,361.69,1
2024-12-05,Electronics,West,0,584.11,1
2024-12-05,Groceries,South,0,389.31,1
2024-12-05,Clothing,West,0,297.53,1
2024-12-05,Electronics,East,0,523.95,1
2024-12-05,Electronics,South,0,428.53,1
2024-12-15,Groceries,North,0,304.3,1
2024-12-15,Electronics,West,0,503.89,1
2024-12-15,Groceries,South,0,297.32,1
2024-12-15,Clothing,East,0,521.12,1
2024-12-15,Groceries,East,0,345.4,1
2024-12-15,Electronics,South,0,318.61,1
2024-12-15,Clothing,North,0,341.66,1
2024-12-15,Electronics,North,0,350.87,1
2024-12-15,Clothing,South,0,404.44,1
2024-12-15,Clothing,West,0,285.07,1
2024-12-15,Groceries,West,1,440.58,1
2024-12-15,Electronics,East,0,459.69,1
2024-12-22,Clothing,West,1,385.59,1
2024-12-22,Groceries,South,0,267.79,1
2024-12-22,Electronics,North,1,417.81,1
2024-12-22,Groceries,West,0,303.73,1
2024-12-22,Clothing,South,0,390.17,1
2024-12-22,Clothing,North,0,317.86,1
2024-12-22,Groceries,East,1,400.84,1
2024-12-22,Electronics,West,0,497.54,1
2024-12-22,Electronics,East,1,517.81,1
2024-12-22,Electronics,South,0,364.82,1
2024-12-22,Clothing,East,0,508.96,1
2024-12-22,Groceries,North,0,314.95,1
2024-12-29,Clothing,South,1,476.32,1
2024-12-29,Groceries,South,0,319.47,1
2024-12-29,Groceries,North,0,371.44,1
2024-12-29,Clothing,West,0,344.97,1
2024-12-29,Clothing,East,0,487.09,1
2024-12-29,Clothing,North,0,295.1,1
2024-12-29,Electronics,West,0,532.31,1
2024-12-29,Electronics,East,0,545.57,1
2024-12-29,Electronics,South,0,386.72,1
2024-12-29,Electronics,North,0,388.81,1
2024-12-29,Groceries,East,0,371.53,1
2024-12-29,Groceries,West,0,357.98,1
